Seed NAD,Seed No NAD ,Alignment ,Similarity Matrix ,Alignment score ,RMSD (alpha carbon),"Helix content Diff. (H,G) (NAD -NONAD)",,"Sheet Content Diff. (E,B) (NAD - NONAD)",,"Coil Content Diff. (S,T) (NAD - NONAD)",,Unknown (P) NAD - NONAD,Notes
,,,,,,H (DSSP code) ,G (DSSP code) ,E (DSSP code) ,B (DSSP code) ,S (DSSP code) ,T (DSSP code) ,P (DSSP code),
0,0,NW,BLOSUM-62 ,2008.9,15.397,6,-11,-2,0,-9,5,-6,
1,1,NW,BLOSUM-62 ,1988.5,6.505,6,-1,0,0,-7,-1,2,
2,2,NW,BLOSUM-62,2029.9,12.784,4,-3,0,0,-9,3,-4, 
3,3,NW,BLOSUM-62,1986.7,15.998,2,1,-2,0,-4,-2,-4,
4,4,NW,BLOSUM-62,2002.9,7.965,11,-10,-2,0,-9,-3,5,
0,1,NW,BLOSUM-62,1999.9,10.659,6,-8,0,0,-11,6,0,
1,2,NW,BLOSUM-62,2010.1,8.893,5,-1,-2,0,-7,-1,-7,
2,3,NW,BLOSUM-62,2011.9,6.989,-3,0,0,0,-5,-2,-1,
3,4,NW,BLOSUM-62,1991.5,16.292,10,-5,-2,0,-4,-1,-1,
4,0,NW,BLOSUM-62,2010.1,8.464,11,-10,-2,0,-11,0,2,
0,2,NW,BLOSUM-62,2021.5,13.846,5,-8,-2,0,-11,6,-9,
1,3,NW,BLOSUM-62,1992.1,12.036,-2,2,-2,0,-3,-6,-4,
2,4,NW,BLOSUM-62,2010.1,10.203,5,-6,0,0,-5,-1,2,
3,0,NW,BLOSUM-62,1998.7,15.468,10,-5,-2,0,-6,2,-4,
4,1,NW,BLOSUM-62,2001.1,11.104,11,-7,0,0,-13,1,8,
0,3,NW,BLOSUM-62,2003.5,15.915,-2,-5,-2,0,-7,1,-6,
1,4,NW,BLOSUM-62,1990.3,10.331,6,-4,-2,0,-3,-5,-1,
2,0,NW,BLOSUM-62,2017.3,11.153,5,-6,0,0,-7,2,-1,
3,1,NW,BLOSUM-62,2002.9,10.89,10,-2,0,0,-8,3,2,
4,2,NW,BLOSUM-62,2016.1,10.376,10,-7,-2,0,-13,1,-1,
0,4,NW,BLOSUM-62,2001.7,16.396,6,-11,-2,0,-7,2,-3,
1,0,NW,BLOSUM-62,1997.5,9.302,6,-4,-2,0,-5,-2,-4,
2,1,NW,BLOSUM-62,2008.3,13.65,5,-3,2,0,-9,3,5,
3,2,NW,BLOSUM-62,2011.3,14.109,9,-2,-2,0,-8,3,-7,
4,3,NW,BLOSUM-62,1998.1,5.243,3,-4,-2,0,-9,-4,2,
Average count across models ,,,,,,5.8,-4.8,-1.2,0,-7.6,0.4,-1.4,