,,,,,,"Helix content Diff. (H,G) (NAD -NONAD)",,"Sheet Content Diff. (E,B) (NAD - NONAD)",,"Coil Content Diff. (S,T) (NAD - NONAD)",,Unknown (P) NAD - NONAD,Notes
Model with NAD ,Model without NAD,Alignment ,Similarity Matrix ,Alignment score ,RMSD entire protien (alpha carbon),H (DSSP code) ,G (DSSP code) ,E (DSSP code) ,B (DSSP code) ,S (DSSP code) ,T (DSSP code) ,,
0,0,NW,BLOSUM-62 ,3634.1,33.05,-14,-8,0,0,-23,-8,-2,
1,1,NW,BLOSUM-62 ,3668.3,42.917,-11,-2,0,0,-16,-7,-12,
2,2,NW,BLOSUM-62 ,3596.3,41.974,-19,-16,0,2,-10,-7,-15,
3,3,NW,BLOSUM-62 ,3584.3,31.887,-15,-20,0,2,-14,-8,-17,
4,4,NW,BLOSUM-62 ,3677.9,46.685,-10,-7,0,2,-3,-4,-24,
0,1,NW,BLOSUM-62 ,3671.3,28.906,-13,-3,0,0,-14,-5,-9,
1,2,NW,BLOSUM-62 ,3604.1,40.882,-12,-14,0,0,-12,-15,-30,
2,3,NW,BLOSUM-62 ,3575.3,40.81,-21,-18,0,2,-11,-6,-6,
3,4,NW,BLOSUM-62 ,3578.9,39.378,-25,-7,0,2,-6,-13,-20,
4,0,NW,BLOSUM-62 ,3665.3,43.631,2,-11,0,2,-23,5,-5,
0,2,NW,BLOSUM-62 ,3607.1,38.398,-14,-15,0,0,-10,-13,-27,
1,3,NW,BLOSUM-62 ,3576.5,35.353,-14,-16,0,0,-13,-14,-21,
2,4,NW,BLOSUM-62 ,3576.5,46.045,-31,-5,0,2,-3,-11,-9,
3,0,NW,BLOSUM-62 ,3625.7,34.565,-13,-11,0,2,-26,-4,-1,
4,1,NW,BLOSUM-62 ,3702.5,40.546,3,-6,0,2,-14,8,-12,
0,3,NW,BLOSUM-62 ,3586.1,33.328,-16,-17,0,0,-11,-12,-18,
1,4,NW,BLOSUM-62 ,3584.3,44.587,-24,-3,0,0,-5,-19,-24,
2,0,NW,BLOSUM-62 ,3623.3,42.93,-19,-9,0,2,-23,-2,10,
3,1,NW,BLOSUM-62 ,3669.5,33.982,-12,-6,0,2,-17,-1,-8,
4,2,NW,BLOSUM-62 ,3671.3,41.321,2,-18,0,2,-10,0,-30,
0,4,NW,BLOSUM-62 ,3587.3,33.943,-26,-4,0,0,-3,-17,-21,
1,0,NW,BLOSUM-62 ,3637.7,39.672,-12,-7,0,0,-25,-10,-5,
2,1,NW,BLOSUM-62 ,3660.5,43.846,-18,-4,0,2,-14,1,3,
3,2,NW,BLOSUM-62 ,3598.7,35.38,-13,-18,0,2,-13,-9,-26,
4,3,NW,BLOSUM-62 ,3623.9,38.633,0,-20,0,2,-11,1,-21,
Average count across models ,,,,,,-13.8,-10.6,0,1.2,-13.2,-6.8,-14,